[
  {
    "id": "4f1d3b94-efb3-49a2-8100-45005d632889",
    "data": [
      {
        "text": "transfer money via bank transfer",
        "userDefined": false
      }
    ],
    "isTemplate": false,
    "count": 0,
    "updated": 1529913060
  },
  {
    "id": "65f71618-7138-466d-836d-a8c8f246e347",
    "data": [
      {
        "text": "pay via bank transfer",
        "userDefined": false
      }
    ],
    "isTemplate": false,
    "count": 0,
    "updated": 1529913060
  },
  {
    "id": "5dd8c1be-7eb5-4ee0-b359-b05cc66d636c",
    "data": [
      {
        "text": "payment via bank transfer",
        "userDefined": false
      }
    ],
    "isTemplate": false,
    "count": 0,
    "updated": 1529913060
  },
  {
    "id": "67da6c7c-374b-4d5b-b965-d21ec85e8f9d",
    "data": [
      {
        "text": "make bank transfer",
        "userDefined": false
      }
    ],
    "isTemplate": false,
    "count": 0,
    "updated": 1529913060
  },
  {
    "id": "b9cac612-0e07-4518-b496-79127876b242",
    "data": [
      {
        "text": "do bank transfer",
        "userDefined": false
      }
    ],
    "isTemplate": false,
    "count": 0,
    "updated": 1529913060
  }
]