[
  {
    "id": "60ae7521-0d15-450a-a0db-1ade8d1d5462",
    "data": [
      {
        "text": " DONE_BANK_TRANSFER",
        "userDefined": false
      }
    ],
    "isTemplate": false,
    "count": 0,
    "updated": 1529487966
  },
  {
    "id": "378820d7-0d3b-43fc-9813-5954c48a4757",
    "data": [
      {
        "text": "okay",
        "userDefined": false
      }
    ],
    "isTemplate": false,
    "count": 0,
    "updated": 1529487966
  },
  {
    "id": "334cf186-a97c-431e-8abe-088b62929edf",
    "data": [
      {
        "text": "of course",
        "userDefined": false
      }
    ],
    "isTemplate": false,
    "count": 0,
    "updated": 1529487966
  },
  {
    "id": "73db7e1f-d3b6-44bc-985a-c09174460c65",
    "data": [
      {
        "text": "I don\u0027t mind",
        "userDefined": false
      }
    ],
    "isTemplate": false,
    "count": 0,
    "updated": 1529487966
  },
  {
    "id": "a6883585-ccbd-40a4-bfef-dc8a224af970",
    "data": [
      {
        "text": "do it",
        "userDefined": false
      }
    ],
    "isTemplate": false,
    "count": 1,
    "updated": 1529487966
  },
  {
    "id": "af91191c-95d4-4b7a-8322-2b37b7199bb6",
    "data": [
      {
        "text": "ok",
        "userDefined": false
      }
    ],
    "isTemplate": false,
    "count": 0,
    "updated": 1529487966
  },
  {
    "id": "b98f7439-05dc-4490-8185-dae801c58631",
    "data": [
      {
        "text": "sounds good",
        "userDefined": false
      }
    ],
    "isTemplate": false,
    "count": 0,
    "updated": 1529487966
  },
  {
    "id": "cecc1c14-3c47-4a09-a24d-f5b752343475",
    "data": [
      {
        "text": "confirm",
        "userDefined": false
      }
    ],
    "isTemplate": false,
    "count": 1,
    "updated": 1529487966
  },
  {
    "id": "7fa9a964-dd85-4391-b6e0-467fe1b64400",
    "data": [
      {
        "text": "that\u0027s correct",
        "userDefined": false
      }
    ],
    "isTemplate": false,
    "count": 0,
    "updated": 1529487966
  },
  {
    "id": "3878b236-a291-4559-a007-b7d55690d665",
    "data": [
      {
        "text": "I agree",
        "userDefined": false
      }
    ],
    "isTemplate": false,
    "count": 1,
    "updated": 1529487966
  },
  {
    "id": "dfad8fac-c5d8-4c95-aa6e-d971deae346b",
    "data": [
      {
        "text": "yes",
        "userDefined": false
      }
    ],
    "isTemplate": false,
    "count": 0,
    "updated": 1529487966
  },
  {
    "id": "d86d7692-ccb5-4b85-aeb5-96c31609e866",
    "data": [
      {
        "text": "exactly",
        "userDefined": false
      }
    ],
    "isTemplate": false,
    "count": 0,
    "updated": 1529487966
  },
  {
    "id": "65773d5b-58dd-49f8-a667-d68785096854",
    "data": [
      {
        "text": "sure",
        "userDefined": false
      }
    ],
    "isTemplate": false,
    "count": 2,
    "updated": 1529487966
  }
]