[
  {
    "id": "16deb8f6-36b4-42d4-9c8b-a19153b45292",
    "data": [
      {
        "text": "我不愿意",
        "userDefined": false
      }
    ],
    "isTemplate": false,
    "count": 0,
    "updated": 1497446179
  },
  {
    "id": "cc040791-71fe-4854-9731-92241412b862",
    "data": [
      {
        "text": "我不同意",
        "userDefined": false
      }
    ],
    "isTemplate": false,
    "count": 0,
    "updated": 1497446179
  },
  {
    "id": "04a9a777-7fa4-4c82-b763-c8e8828c0668",
    "data": [
      {
        "text": "不必了",
        "userDefined": false
      }
    ],
    "isTemplate": false,
    "count": 0,
    "updated": 1497446179
  },
  {
    "id": "d57a8446-a8b2-46bf-9e25-a37c194a60f4",
    "data": [
      {
        "text": "千万不要",
        "userDefined": false
      }
    ],
    "isTemplate": false,
    "count": 0,
    "updated": 1497446179
  },
  {
    "id": "4da9f5a3-770b-4109-aee8-93fd5de4f4ef",
    "data": [
      {
        "text": "否",
        "userDefined": false
      }
    ],
    "isTemplate": false,
    "count": 0,
    "updated": 1497446179
  },
  {
    "id": "6e3b8ee6-fbea-405e-a81c-4d3a99a28bba",
    "data": [
      {
        "text": "不用了",
        "userDefined": false
      }
    ],
    "isTemplate": false,
    "count": 0,
    "updated": 1497446179
  },
  {
    "id": "aab236fe-2674-4177-a16a-e3dfdd0c7f9d",
    "data": [
      {
        "text": "不要",
        "userDefined": false
      }
    ],
    "isTemplate": false,
    "count": 0,
    "updated": 1497446179
  },
  {
    "id": "130b00f0-8bf0-485b-8c8f-3a73e28017ee",
    "data": [
      {
        "text": "没兴趣",
        "userDefined": false
      }
    ],
    "isTemplate": false,
    "count": 0,
    "updated": 1497446179
  },
  {
    "id": "aa43745a-0517-4163-adcc-6c725a97197e",
    "data": [
      {
        "text": "我不想",
        "userDefined": false
      }
    ],
    "isTemplate": false,
    "count": 0,
    "updated": 1497446179
  }
]