[
  {
    "id": "1b4410b6-e15e-4e5e-aa61-4de9c566dc8e",
    "data": [
      {
        "text": " DONE_BANK_TRANSFER",
        "userDefined": false
      }
    ],
    "isTemplate": false,
    "count": 0,
    "updated": 1529487966
  },
  {
    "id": "08e6bfc9-5710-48f1-ac7f-4fad4c8b8422",
    "data": [
      {
        "text": "okay",
        "userDefined": false
      }
    ],
    "isTemplate": false,
    "count": 0,
    "updated": 1529487966
  },
  {
    "id": "fadc73ce-797d-446f-856e-5a38bcc3a60f",
    "data": [
      {
        "text": "of course",
        "userDefined": false
      }
    ],
    "isTemplate": false,
    "count": 0,
    "updated": 1529487966
  },
  {
    "id": "fa8e2377-72bc-4a59-b9c9-b614886a515d",
    "data": [
      {
        "text": "I don\u0027t mind",
        "userDefined": false
      }
    ],
    "isTemplate": false,
    "count": 0,
    "updated": 1529487966
  },
  {
    "id": "8404bc1f-d705-4bb4-9f92-9604c5003d7b",
    "data": [
      {
        "text": "do it",
        "userDefined": false
      }
    ],
    "isTemplate": false,
    "count": 1,
    "updated": 1529487966
  },
  {
    "id": "60edb496-6dd0-4484-89d1-26d7af26cddf",
    "data": [
      {
        "text": "ok",
        "userDefined": false
      }
    ],
    "isTemplate": false,
    "count": 0,
    "updated": 1529487966
  },
  {
    "id": "3027aa6b-6eda-440f-aa0a-f10d9baad300",
    "data": [
      {
        "text": "sounds good",
        "userDefined": false
      }
    ],
    "isTemplate": false,
    "count": 0,
    "updated": 1529487966
  },
  {
    "id": "0a1a27d1-3188-4b5d-ac2a-ef0b055a852c",
    "data": [
      {
        "text": "confirm",
        "userDefined": false
      }
    ],
    "isTemplate": false,
    "count": 1,
    "updated": 1529487966
  },
  {
    "id": "cf31a1b4-7cce-4680-87bc-4dc8d965d1bc",
    "data": [
      {
        "text": "that\u0027s correct",
        "userDefined": false
      }
    ],
    "isTemplate": false,
    "count": 0,
    "updated": 1529487966
  },
  {
    "id": "c02b6ccd-4135-4103-98a5-67ffce633738",
    "data": [
      {
        "text": "I agree",
        "userDefined": false
      }
    ],
    "isTemplate": false,
    "count": 1,
    "updated": 1529487966
  },
  {
    "id": "f6919278-7618-457a-b019-0cba72554078",
    "data": [
      {
        "text": "yes",
        "userDefined": false
      }
    ],
    "isTemplate": false,
    "count": 0,
    "updated": 1529487966
  },
  {
    "id": "a304343e-2330-4860-b9ea-a7a20c769dcd",
    "data": [
      {
        "text": "exactly",
        "userDefined": false
      }
    ],
    "isTemplate": false,
    "count": 0,
    "updated": 1529487966
  },
  {
    "id": "6771e4e4-293f-4567-a1db-2a1730988370",
    "data": [
      {
        "text": "sure",
        "userDefined": false
      }
    ],
    "isTemplate": false,
    "count": 2,
    "updated": 1529487966
  }
]