[
  {
    "id": "e0625950-8e5b-4d69-a619-cc03dce19d7c",
    "data": [
      {
        "text": "是",
        "userDefined": false
      }
    ],
    "isTemplate": false,
    "count": 0,
    "updated": 1497446181
  },
  {
    "id": "7febc5aa-f30c-4f8a-aff2-16b067aedcae",
    "data": [
      {
        "text": "没问题",
        "userDefined": false
      }
    ],
    "isTemplate": false,
    "count": 0,
    "updated": 1497446181
  },
  {
    "id": "d626d17c-0a74-404f-ba47-674aa85bc782",
    "data": [
      {
        "text": "可以",
        "userDefined": false
      }
    ],
    "isTemplate": false,
    "count": 0,
    "updated": 1497446181
  },
  {
    "id": "851b543c-5499-4417-b3f1-ec724e1495dc",
    "data": [
      {
        "text": "我不介意",
        "userDefined": false
      }
    ],
    "isTemplate": false,
    "count": 0,
    "updated": 1497446181
  },
  {
    "id": "b9671452-a90d-46f9-9022-89edad52f9c8",
    "data": [
      {
        "text": "确认",
        "userDefined": false
      }
    ],
    "isTemplate": false,
    "count": 0,
    "updated": 1497446181
  },
  {
    "id": "c7d0fbd3-37c8-4cd3-a13b-f92fe6eacdd6",
    "data": [
      {
        "text": "好",
        "userDefined": false
      }
    ],
    "isTemplate": false,
    "count": 0,
    "updated": 1497446181
  },
  {
    "id": "c473258f-ec29-415d-87af-07ad34d2d048",
    "data": [
      {
        "text": "好的",
        "userDefined": false
      }
    ],
    "isTemplate": false,
    "count": 0,
    "updated": 1497446181
  },
  {
    "id": "7c205ecb-d21b-40f0-9400-ab328ea40a99",
    "data": [
      {
        "text": "正确",
        "userDefined": false
      }
    ],
    "isTemplate": false,
    "count": 0,
    "updated": 1497446181
  },
  {
    "id": "8376add6-2b28-4843-915e-6c67886b6784",
    "data": [
      {
        "text": "没错",
        "userDefined": false
      }
    ],
    "isTemplate": false,
    "count": 0,
    "updated": 1497446181
  },
  {
    "id": "c0dbdc35-fdf5-44b2-acaa-5963a01b23a4",
    "data": [
      {
        "text": "对",
        "userDefined": false
      }
    ],
    "isTemplate": false,
    "count": 0,
    "updated": 1497626619
  },
  {
    "id": "0d5574e3-75e1-4936-898b-5f73ff5a966b",
    "data": [
      {
        "text": "我同意",
        "userDefined": false
      }
    ],
    "isTemplate": false,
    "count": 0,
    "updated": 1497446181
  },
  {
    "id": "9dc986d0-0c37-47ed-9dca-f86cc6100fb7",
    "data": [
      {
        "text": "对啊",
        "userDefined": false
      }
    ],
    "isTemplate": false,
    "count": 0,
    "updated": 1497626619
  }
]