[
  {
    "id": "bb7bbf13-d7a9-45fd-91fc-3f92a5e2a1c5",
    "data": [
      {
        "text": "बिलकुल नहीं",
        "userDefined": true
      }
    ],
    "isTemplate": false,
    "count": 0
  },
  {
    "id": "a9f73ae7-3d1e-4830-b2f2-5e96d1b6eb5e",
    "data": [
      {
        "text": "शुक्रिया, लेकिन नहीं",
        "userDefined": true
      }
    ],
    "isTemplate": false,
    "count": 0
  },
  {
    "id": "1f57459e-84c0-4e1e-baba-eaef43fdd945",
    "data": [
      {
        "text": "नहीं",
        "userDefined": true
      }
    ],
    "isTemplate": false,
    "count": 0
  },
  {
    "id": "6e630244-512c-4111-9cad-36086d77ee43",
    "data": [
      {
        "text": "मुझे नहीं लगता",
        "userDefined": true
      }
    ],
    "isTemplate": false,
    "count": 0
  },
  {
    "id": "5a47d2c0-ea31-4a22-8213-eafd00a62479",
    "data": [
      {
        "text": "मुझे नहीं चाहिए",
        "userDefined": true
      }
    ],
    "isTemplate": false,
    "count": 0
  },
  {
    "id": "3facb996-7695-4618-9ddd-8b6695e8f46d",
    "data": [
      {
        "text": "मत करो",
        "userDefined": true
      }
    ],
    "isTemplate": false,
    "count": 0
  },
  {
    "id": "07953908-184c-4252-8c16-fd8e3d8cc0ad",
    "data": [
      {
        "text": "जी नहीं",
        "userDefined": true
      }
    ],
    "isTemplate": false,
    "count": 0
  },
  {
    "id": "4d040d8a-65ed-4ea8-854b-7c0dfbfa4939",
    "data": [
      {
        "text": "मैं नहीं मानती",
        "userDefined": true
      }
    ],
    "isTemplate": false,
    "count": 0
  },
  {
    "id": "dedf3032-2b73-4f34-b59e-ad7c790f4069",
    "data": [
      {
        "text": "कोई दिलचस्पी नहीं",
        "userDefined": true
      }
    ],
    "isTemplate": false,
    "count": 0
  }
]