[
  {
    "id": "1b2944b0-3ca5-4cb5-8aad-1e50f66dd383",
    "data": [
      {
        "text": "I disagree",
        "userDefined": false
      }
    ],
    "isTemplate": false,
    "count": 2,
    "updated": 1520470718
  },
  {
    "id": "f827e28d-be1f-4368-974e-55894ae1a581",
    "data": [
      {
        "text": "not really",
        "userDefined": false
      }
    ],
    "isTemplate": false,
    "count": 0,
    "updated": 1520470718
  },
  {
    "id": "345e2946-25e7-4772-8788-15c914bfcd37",
    "data": [
      {
        "text": "no",
        "userDefined": false
      }
    ],
    "isTemplate": false,
    "count": 1,
    "updated": 1520470718
  },
  {
    "id": "edce418b-4cae-4306-913a-9602bbf26e12",
    "data": [
      {
        "text": "not interested",
        "userDefined": false
      }
    ],
    "isTemplate": false,
    "count": 0,
    "updated": 1520470718
  },
  {
    "id": "a5ee6739-a713-4b44-83f3-8f4719595235",
    "data": [
      {
        "text": "I don\u0027t want that",
        "userDefined": false
      }
    ],
    "isTemplate": false,
    "count": 0,
    "updated": 1520470718
  },
  {
    "id": "03fa865e-07fb-4486-9c1c-7ace48253674",
    "data": [
      {
        "text": "I don\u0027t think so",
        "userDefined": false
      }
    ],
    "isTemplate": false,
    "count": 0,
    "updated": 1520470718
  },
  {
    "id": "0a61034d-fc65-40b9-94b3-3efab2da8e0d",
    "data": [
      {
        "text": "definitely not",
        "userDefined": false
      }
    ],
    "isTemplate": false,
    "count": 1,
    "updated": 1520470718
  },
  {
    "id": "561c6b05-2650-4ab8-bfc4-0ad43c5b9822",
    "data": [
      {
        "text": "don\u0027t do it",
        "userDefined": false
      }
    ],
    "isTemplate": false,
    "count": 0,
    "updated": 1520470718
  }
]