[
  {
    "id": "b5a70793-f321-4356-83d2-3daaf1480768",
    "data": [
      {
        "text": "I disagree",
        "userDefined": false
      }
    ],
    "isTemplate": false,
    "count": 2,
    "updated": 1520470718
  },
  {
    "id": "1a44e2a3-5a01-4e17-bc8f-1376bbfebaef",
    "data": [
      {
        "text": "not really",
        "userDefined": false
      }
    ],
    "isTemplate": false,
    "count": 0,
    "updated": 1520470718
  },
  {
    "id": "213f1972-db56-440c-8da7-5cada602608d",
    "data": [
      {
        "text": "no",
        "userDefined": false
      }
    ],
    "isTemplate": false,
    "count": 1,
    "updated": 1520470718
  },
  {
    "id": "e9c41a3b-d703-4cbc-a194-b1e355e48d8e",
    "data": [
      {
        "text": "not interested",
        "userDefined": false
      }
    ],
    "isTemplate": false,
    "count": 0,
    "updated": 1520470718
  },
  {
    "id": "8d59e72b-33bc-4933-b872-f04ad3d5d5d9",
    "data": [
      {
        "text": "I don\u0027t want that",
        "userDefined": false
      }
    ],
    "isTemplate": false,
    "count": 0,
    "updated": 1520470718
  },
  {
    "id": "3771eb2f-1e71-4166-af50-cd6efc99ce40",
    "data": [
      {
        "text": "I don\u0027t think so",
        "userDefined": false
      }
    ],
    "isTemplate": false,
    "count": 0,
    "updated": 1520470718
  },
  {
    "id": "519f79ac-7bf1-4592-b2f5-927482bfe2a9",
    "data": [
      {
        "text": "definitely not",
        "userDefined": false
      }
    ],
    "isTemplate": false,
    "count": 1,
    "updated": 1520470718
  },
  {
    "id": "91ddcbd7-236d-4ac7-8c5a-60e965efb873",
    "data": [
      {
        "text": "don\u0027t do it",
        "userDefined": false
      }
    ],
    "isTemplate": false,
    "count": 0,
    "updated": 1520470718
  }
]