[
  {
    "id": "a2ed4460-fa59-43ed-b15c-b669e019c787",
    "data": [
      {
        "text": "正確",
        "userDefined": false
      }
    ],
    "isTemplate": false,
    "count": 0,
    "updated": 1497446586
  },
  {
    "id": "b48c1d1a-5f1f-4c61-838e-5da53a5450ca",
    "data": [
      {
        "text": "執行",
        "userDefined": false
      }
    ],
    "isTemplate": false,
    "count": 0,
    "updated": 1497446586
  },
  {
    "id": "7fc1dd4c-a70f-452c-a29f-5cfefa746abe",
    "data": [
      {
        "text": "沒錯",
        "userDefined": false
      }
    ],
    "isTemplate": false,
    "count": 0,
    "updated": 1497446586
  },
  {
    "id": "fbf46b0a-ad65-4013-aa38-c6e4d982745b",
    "data": [
      {
        "text": "確認",
        "userDefined": false
      }
    ],
    "isTemplate": false,
    "count": 0,
    "updated": 1497446586
  },
  {
    "id": "14b87e43-9498-42a1-b987-798bb410b445",
    "data": [
      {
        "text": "好",
        "userDefined": false
      }
    ],
    "isTemplate": false,
    "count": 0,
    "updated": 1497446586
  },
  {
    "id": "e9da530f-a068-4b77-b8c3-f15d95009368",
    "data": [
      {
        "text": "可以",
        "userDefined": false
      }
    ],
    "isTemplate": false,
    "count": 0,
    "updated": 1497446586
  },
  {
    "id": "a299b197-b83f-42a9-9684-f2b289aa3a07",
    "data": [
      {
        "text": "我同意",
        "userDefined": false
      }
    ],
    "isTemplate": false,
    "count": 0,
    "updated": 1497446586
  },
  {
    "id": "5d751dfa-f456-4c72-92e8-f623a8df9a61",
    "data": [
      {
        "text": "好啊",
        "userDefined": false
      }
    ],
    "isTemplate": false,
    "count": 0,
    "updated": 1497446586
  },
  {
    "id": "e47679e5-5c18-4c6c-a57b-fe0aa8d6e9df",
    "data": [
      {
        "text": "是",
        "userDefined": false
      }
    ],
    "isTemplate": false,
    "count": 0,
    "updated": 1497446586
  },
  {
    "id": "faa3631e-d7ea-4fcf-8d9a-daf39a56d3b5",
    "data": [
      {
        "text": "好的",
        "userDefined": false
      }
    ],
    "isTemplate": false,
    "count": 0,
    "updated": 1497446586
  }
]