[
  {
    "id": "da778358-872c-46b5-a3a4-bc38b4dd1ce2",
    "data": [
      {
        "text": "ज़रूर",
        "userDefined": true
      }
    ],
    "isTemplate": false,
    "count": 0,
    "updated": 1518218837
  },
  {
    "id": "7cc45507-43a2-456c-a8a8-82c6ffe6cf76",
    "data": [
      {
        "text": "यह सही है!",
        "userDefined": true
      }
    ],
    "isTemplate": false,
    "count": 0,
    "updated": 1518218837
  },
  {
    "id": "5a35d6ff-4f89-44e5-a41b-a2b6064683ff",
    "data": [
      {
        "text": "मुझे फ़र्क नहीं पड़ता",
        "userDefined": true
      }
    ],
    "isTemplate": false,
    "count": 0,
    "updated": 1518218837
  },
  {
    "id": "e5f34bfc-73ec-4740-8e67-184ad8f7fa8f",
    "data": [
      {
        "text": "हाँ",
        "userDefined": true
      }
    ],
    "isTemplate": false,
    "count": 0,
    "updated": 1518218837
  },
  {
    "id": "0fc1af7a-d3cf-4c19-977f-4689e22c1730",
    "data": [
      {
        "text": "अच्छा लग रहा है",
        "userDefined": true
      }
    ],
    "isTemplate": false,
    "count": 0,
    "updated": 1518218837
  },
  {
    "id": "8e3581ae-98f3-48d5-9f1d-aaf699d1a77f",
    "data": [
      {
        "text": "मैं सहमत हूँ",
        "userDefined": true
      }
    ],
    "isTemplate": false,
    "count": 0,
    "updated": 1518218837
  },
  {
    "id": "93a3d829-44bb-4f4c-9920-54200b8947f3",
    "data": [
      {
        "text": "बेशक",
        "userDefined": true
      }
    ],
    "isTemplate": false,
    "count": 0,
    "updated": 1518218837
  },
  {
    "id": "a11fedc6-307d-4dfb-8016-387b18dc4359",
    "data": [
      {
        "text": "अभी करो",
        "userDefined": true
      }
    ],
    "isTemplate": false,
    "count": 0,
    "updated": 1518218837
  },
  {
    "id": "e31007fa-0536-4199-9cae-8cd4c684e2b2",
    "data": [
      {
        "text": "बिलकुल",
        "userDefined": true
      }
    ],
    "isTemplate": false,
    "count": 0,
    "updated": 1518218837
  },
  {
    "id": "b21fa5d9-4bfd-4a59-afcf-d537cfec414b",
    "data": [
      {
        "text": "पक्का ना",
        "userDefined": false
      }
    ],
    "isTemplate": false,
    "count": 0,
    "updated": 1518218837
  }
]