[
  {
    "id": "5a01e992-7b23-479d-949f-f1106c28fd87",
    "data": [
      {
        "text": "我不同意",
        "userDefined": false
      }
    ],
    "isTemplate": false,
    "count": 0,
    "updated": 1497446585
  },
  {
    "id": "8db9187d-ecf8-4181-9c50-6da7466311cf",
    "data": [
      {
        "text": "不用了，謝謝",
        "userDefined": false
      }
    ],
    "isTemplate": false,
    "count": 0,
    "updated": 1497446585
  },
  {
    "id": "8c364ba7-0c01-46a0-9476-6fc8db03dd44",
    "data": [
      {
        "text": "我不想",
        "userDefined": false
      }
    ],
    "isTemplate": false,
    "count": 0,
    "updated": 1497446585
  },
  {
    "id": "c65d1b45-e811-4990-b2cc-5ee2e03caa8e",
    "data": [
      {
        "text": "否",
        "userDefined": false
      }
    ],
    "isTemplate": false,
    "count": 0,
    "updated": 1497446585
  },
  {
    "id": "2e960e87-0514-4b50-8cbf-cb050cf996e2",
    "data": [
      {
        "text": "不要執行",
        "userDefined": false
      }
    ],
    "isTemplate": false,
    "count": 0,
    "updated": 1497446585
  },
  {
    "id": "e03e4210-2791-45b7-b15f-7a02b7bec987",
    "data": [
      {
        "text": "不必了",
        "userDefined": false
      }
    ],
    "isTemplate": false,
    "count": 0,
    "updated": 1497446585
  },
  {
    "id": "449c3233-3c30-4728-84fb-182ef8c6724f",
    "data": [
      {
        "text": "我不願意",
        "userDefined": false
      }
    ],
    "isTemplate": false,
    "count": 0,
    "updated": 1497446585
  },
  {
    "id": "a3eaea7e-a0ea-47df-9ce5-1038dfed216d",
    "data": [
      {
        "text": "絕對不要",
        "userDefined": false
      }
    ],
    "isTemplate": false,
    "count": 0,
    "updated": 1497446585
  },
  {
    "id": "935c3993-fb46-4b98-b5f9-8590a623ab82",
    "data": [
      {
        "text": "不感興趣",
        "userDefined": false
      }
    ],
    "isTemplate": false,
    "count": 0,
    "updated": 1497446585
  }
]