[
  {
    "id": "1375f645-689b-4e6a-9d65-9468ce455db8",
    "data": [
      {
        "text": "recent interaction of random client",
        "userDefined": false
      }
    ],
    "isTemplate": false,
    "count": 0,
    "updated": 1529934175
  },
  {
    "id": "e589ea34-8df3-414a-ae21-e9448b7f656d",
    "data": [
      {
        "text": "interactions",
        "userDefined": false
      }
    ],
    "isTemplate": false,
    "count": 0,
    "updated": 1529934175
  },
  {
    "id": "d45def1c-2b4a-4b7c-8e27-30af03c238ed",
    "data": [
      {
        "text": "last interaction of random client",
        "userDefined": false
      }
    ],
    "isTemplate": false,
    "count": 1,
    "updated": 1529934175
  }
]