[
  {
    "id": "e2cb9f82-0e9d-4cdd-9400-742ce72416d0",
    "data": [
      {
        "text": "i need your help",
        "userDefined": false
      }
    ],
    "isTemplate": false,
    "count": 0,
    "updated": 1529478822
  },
  {
    "id": "0f836a60-e930-418f-81b0-9411aca640e5",
    "data": [
      {
        "text": "how will you help me",
        "userDefined": false
      }
    ],
    "isTemplate": false,
    "count": 0,
    "updated": 1529478822
  },
  {
    "id": "e1011456-72b7-45fa-812f-e81c6afb8e00",
    "data": [
      {
        "text": "show what you can do",
        "userDefined": false
      }
    ],
    "isTemplate": false,
    "count": 0,
    "updated": 1529478822
  },
  {
    "id": "c96820f6-f917-41d6-a1d1-6e8cfe132d34",
    "data": [
      {
        "text": "help me",
        "userDefined": false
      }
    ],
    "isTemplate": false,
    "count": 0,
    "updated": 1529478822
  },
  {
    "id": "6ac823ab-75c4-4dab-84f7-aeb2242d71eb",
    "data": [
      {
        "text": "help",
        "userDefined": false
      }
    ],
    "isTemplate": false,
    "count": 0,
    "updated": 1529478822
  },
  {
    "id": "262c6701-8a6e-4b4f-bb07-37c711f6b741",
    "data": [
      {
        "text": "how can you help me",
        "userDefined": false
      }
    ],
    "isTemplate": false,
    "count": 0,
    "updated": 1529478822
  },
  {
    "id": "678e9403-2ab5-4c98-95c7-60d8137f86b4",
    "data": [
      {
        "text": "main menu",
        "userDefined": false
      }
    ],
    "isTemplate": false,
    "count": 0,
    "updated": 1529478822
  }
]