[
  {
    "id": "185c68d1-190f-4f34-b0e7-60ab5c0819a7",
    "data": [
      {
        "text": "i need your help",
        "userDefined": false
      }
    ],
    "isTemplate": false,
    "count": 0,
    "updated": 1529478822
  },
  {
    "id": "dd79d61e-42e1-4742-8932-40a0694adda9",
    "data": [
      {
        "text": "how will you help me",
        "userDefined": false
      }
    ],
    "isTemplate": false,
    "count": 0,
    "updated": 1529478822
  },
  {
    "id": "b93e4256-f8ab-457e-81aa-66991226644f",
    "data": [
      {
        "text": "show what you can do",
        "userDefined": false
      }
    ],
    "isTemplate": false,
    "count": 0,
    "updated": 1529478822
  },
  {
    "id": "ff94e730-f783-4fbb-a1be-f54a8317d4bd",
    "data": [
      {
        "text": "help me",
        "userDefined": false
      }
    ],
    "isTemplate": false,
    "count": 0,
    "updated": 1529478822
  },
  {
    "id": "1bb985bd-84dd-4d21-85cd-c3c8f0f94bbb",
    "data": [
      {
        "text": "help",
        "userDefined": false
      }
    ],
    "isTemplate": false,
    "count": 0,
    "updated": 1529478822
  },
  {
    "id": "9fc1fa2c-f4b4-4db4-b095-c834658193e4",
    "data": [
      {
        "text": "how can you help me",
        "userDefined": false
      }
    ],
    "isTemplate": false,
    "count": 0,
    "updated": 1529478822
  },
  {
    "id": "9d20eaf2-a0ce-4535-b274-32df6c8d362c",
    "data": [
      {
        "text": "main menu",
        "userDefined": false
      }
    ],
    "isTemplate": false,
    "count": 0,
    "updated": 1529478822
  }
]