[
  {
    "id": "278e624c-4ef0-4975-8713-6de50c410743",
    "data": [
      {
        "text": "need to make payment",
        "userDefined": false
      }
    ],
    "isTemplate": false,
    "count": 0,
    "updated": 1529912888
  },
  {
    "id": "ca805e8a-ca1c-4d6b-9195-50aaebcd3c3f",
    "data": [
      {
        "text": "need to pay ",
        "userDefined": false
      },
      {
        "text": "bill",
        "meta": "@sys.ignore",
        "userDefined": false
      }
    ],
    "isTemplate": false,
    "count": 0,
    "updated": 1529912888
  },
  {
    "id": "63252170-04a5-4fc1-8508-a13e47add6f0",
    "data": [
      {
        "text": "do payment",
        "userDefined": false
      }
    ],
    "isTemplate": false,
    "count": 0,
    "updated": 1529912888
  },
  {
    "id": "25b80b12-1c2e-4915-bc9a-d70827c8666d",
    "data": [
      {
        "text": "bill payment",
        "userDefined": false
      }
    ],
    "isTemplate": false,
    "count": 0,
    "updated": 1529912888
  },
  {
    "id": "f2030485-0cec-4f16-b41b-7f479eb38619",
    "data": [
      {
        "text": "pay ",
        "userDefined": false
      },
      {
        "text": "bill",
        "meta": "@sys.ignore",
        "userDefined": false
      }
    ],
    "isTemplate": false,
    "count": 0,
    "updated": 1529912888
  },
  {
    "id": "b97a8b58-13b3-446d-8fad-146cb0f660ad",
    "data": [
      {
        "text": "i want to make payment",
        "userDefined": false
      }
    ],
    "isTemplate": false,
    "count": 0,
    "updated": 1529912888
  },
  {
    "id": "99f9360a-b5d4-4719-9dbf-9291746db9b1",
    "data": [
      {
        "text": "i like to make a payment",
        "userDefined": false
      }
    ],
    "isTemplate": false,
    "count": 0,
    "updated": 1529912888
  },
  {
    "id": "d2a4b6ed-cd8f-40e1-8f8b-b00800efc57a",
    "data": [
      {
        "text": "make payment",
        "userDefined": false
      }
    ],
    "isTemplate": false,
    "count": 0,
    "updated": 1529912888
  }
]