[
  {
    "id": "290ad1f1-3e50-4696-bf25-929e297ea799",
    "data": [
      {
        "text": "namasthe",
        "userDefined": false
      }
    ],
    "isTemplate": false,
    "count": 0,
    "updated": 1529394150
  },
  {
    "id": "5fd1fa28-1adb-4241-b988-346bf26c33a5",
    "data": [
      {
        "text": "hello",
        "userDefined": false
      }
    ],
    "isTemplate": false,
    "count": 0,
    "updated": 1529394150
  },
  {
    "id": "c866e2e8-00d2-4417-bb1a-113491a8234a",
    "data": [
      {
        "text": "hi",
        "userDefined": false
      }
    ],
    "isTemplate": false,
    "count": 0,
    "updated": 1529394150
  }
]